system,w_C1,w_C2,w_C3,n_reqs,n_classes
ecommerce,0.25000000000000006,0.5,0.25000000000000006,213,12
